Line,Total_Transfer_Capacity,Start_Transfer_Capacity,Change_in_Transfer_Capacity
1,3675.0,3675.0,0.0
2,170.0,100.0,70.0
3,3675.0,3675.0,0.0
4,2380.0,1400.0,980.0
5,13316.28893116499,10464.0,2852.2889311649906
6,2858.0,2858.0,0.0
