Total_Costs,Fixed_Costs_Generation,Fixed_Costs_Storage,Fixed_Costs_Transmission,Variable_Costs,NSE_Costs
23710.662012455057,19967.58729196461,605.1631190317435,444.8520119289603,2425.9297656493577,267.12982388042303
