Line,Total_Transfer_Capacity,Start_Transfer_Capacity,Change_in_Transfer_Capacity
1,4066.108132852041,3675.0,391.10813285204085
2,170.0,100.0,70.0
3,3675.0,3675.0,0.0
4,2380.0,1400.0,980.0
5,15212.290121961008,10464.0,4748.2901219610085
6,2858.0,2858.0,0.0
